<?xml version="1.0" encoding="UTF-8"?>
<!DOCTYPE suite SYSTEM "http://testng.org/testng-1.0.dtd">
<suite name="All Test Suite" verbose="2" preserve-order="true" parallel="methods" thread-count="2">

    <test name="E2E Test Execution">
        <classes>
            <class name="java1rest.E2E">
                <methods>
                    <include name="createuserquixl"/>
                    <include name="extractTokenIalt"/>
                    <include name="testPdfUpload"/>
                    <include name="getImageClassificationgroup"/>
                    <include name="generateAltTextNewVersion"/>
                </methods>
            </class>
        </classes>
    </test>

</suite>
